Account Type,Account Number,Transaction Date,Cheque Number,Description 1,Description 2,amount_local,date,org_id,Org name,FX,amount_platform,C / S,Application date
Chequing,07120-1038785,09/01/21,,e-Transfer - Autodeposit,The Polar Adventure Company Ltd.,626.27,01-Sep-21,467,The Polar Adventure Company,0.7924,496.26,,
Chequing,07120-1038785,09/01/21,,Web payment,WIRE7124404384,"-1,300,000.00",01-Sep-21,NE,,0.7924,"-1,030,120.00",,
Chequing,07120-1038785,09/01/21,,Monthly fee,,-5,01-Sep-21,0,,0.7924,-3.96,,
Chequing,07120-1038785,09/03/21,,e-Transfer - Autodeposit,BOW TIE PIZZA (KILLARNEY) LTD.,153.29,03-Sep-21,259,Bow Tie Pizza (Killarney) Ltd,0.7982,122.36,,
Chequing,07120-1038785,09/03/21,,e-Transfer - Autodeposit,PROPEL HQ INC.,210.18,03-Sep-21,753,Propel,0.7982,167.77,,
Chequing,07120-1038785,09/03/21,,e-Transfer - Autodeposit,MICHAEL WILLEMS PHOTO INC,521.72,03-Sep-21,497,Michael Willems Photo Inc. ,0.7982,416.44,,
Chequing,07120-1038785,09/03/21,,e-Transfer - Autodeposit,SOFTDRIVE TECHNOLOGIES INC.,"1,341.68",03-Sep-21,765,Softdrive,0.7982,"1,070.93",,
Chequing,07120-1038785,09/03/21,,e-Transfer - Autodeposit,1222460 B.C. LTD.,"1,351.54",03-Sep-21,522,Kinside Canada,0.7982,"1,078.80",,
Chequing,07120-1038785,09/03/21,,e-Transfer - Autodeposit,Parlay Holdings Ltd,"2,556.73",03-Sep-21,260,Parlay Holdings,0.7982,"2,040.78",,
Chequing,07120-1038785,09/03/21,,e-Transfer - Autodeposit,GIVNGO CAPITAL MANAGEMENT INC.,"3,000.00",03-Sep-21,484,Givngo Capital Management Inc.,0.7982,"2,394.60",,
Chequing,07120-1038785,09/03/21,,e-Transfer - Autodeposit,10311669 CANADA CORP.,"8,068.43",03-Sep-21,673,Uride,0.7982,"6,440.22",,
Chequing,07120-1038785,09/03/21,,Misc Payment,Tech Futures In,102.32,03-Sep-21,308,Tech Futures,0.7982,81.67,,
Chequing,07120-1038785,09/03/21,,Account Payable Pmt,DROPP CAD,"1,977.82",03-Sep-21,0,,0.7982,"1,578.70",,
Chequing,07120-1038785,09/07/21,,Online transfer received - 5792,,802.07,07-Sep-21,0,,0.7906,634.12,,
Chequing,07120-1038785,09/07/21,,Online transfer received - 9795,WALNUT INSURANCE INC.,"5,000.00",07-Sep-21,184,Walnut Insurance,0.7906,"3,953.00",,
Chequing,07120-1038785,09/07/21,,e-Transfer - Autodeposit,ELEMENTARY VENTURES LTD.,32.69,07-Sep-21,153,Elementary Ventures,0.7906,25.84,,
Chequing,07120-1038785,09/07/21,,e-Transfer - Autodeposit,FINAL BLUEPRINT INC.,148.35,07-Sep-21,227,Willful,0.7906,117.29,,
Chequing,07120-1038785,09/07/21,,e-Transfer - Autodeposit,STARR HOLDINGS CORP.,303.05,07-Sep-21,578,STARR ECOMMERCE,0.7906,239.59,,
Chequing,07120-1038785,09/07/21,,e-Transfer - Autodeposit,EKPLATEBIRYANI,"1,087.00",07-Sep-21,557,EkPlateBiryani,0.7906,859.38,,
Chequing,07120-1038785,09/07/21,,e-Transfer - Autodeposit,11779834 CANADA LTD.,"1,151.14",07-Sep-21,586,11779834 Canada Ltd.,0.7906,910.09,,
Chequing,07120-1038785,09/07/21,,e-Transfer - Autodeposit,TACTILE DESIGN COMPANY LTD.,"1,295.00",07-Sep-21,576,Tactile Design Co,0.7906,"1,023.83",,
Chequing,07120-1038785,09/07/21,,e-Transfer - Autodeposit,DOING A THING INC.,"1,409.21",07-Sep-21,464,Co.Lab,0.7906,"1,114.12",,
Chequing,07120-1038785,09/07/21,,e-Transfer - Autodeposit,MAKEUP FRIDGE INC.,"1,740.76",07-Sep-21,556,Makeup Fridge Inc.,0.7906,"1,376.24",,
Chequing,07120-1038785,09/07/21,,e-Transfer - Autodeposit,EKPLATEBIRYANI,"2,000.00",07-Sep-21,557,EkPlateBiryani,0.7906,"1,581.20",,
Chequing,07120-1038785,09/07/21,,e-Transfer - Autodeposit,WILLIAM KOUCH,"2,366.70",07-Sep-21,432,WILL K LTD,0.7906,"1,871.11",,
Chequing,07120-1038785,09/07/21,,e-Transfer - Autodeposit,JASON'S MOVING INC,"5,000.00",07-Sep-21,651,Jason's Moving Inc.,0.7906,"3,953.00",,
Chequing,07120-1038785,09/07/21,,e-Transfer - Autodeposit,MR MANMEET MAGGU,"10,000.00",07-Sep-21,43,Trexo Robotics,0.7906,"7,906.00",,
Chequing,07120-1038785,09/07/21,,Activity fee,,-30,07-Sep-21,0,,0.7906,-23.72,,
Chequing,07120-1038785,09/07/21,,Bill Payment,Convictional,"13,835.26",07-Sep-21,128,Convictional,0.7906,"10,938.16",,
Chequing,07120-1038785,09/07/21,,Business PAD,Follow the Lead,"16,105.79",07-Sep-21,591,Follow The Leader Distribution Company ,0.7906,"12,733.24",,
Chequing,07120-1038785,09/08/21,,Web payment,MOTIONPIX GAMES,273.28,08-Sep-21,705,MotionPix Games Studio Inc.,0.7879,215.32,,
Chequing,07120-1038785,09/08/21,,Web payment,FRIST FUND VENT,"29,470.06",08-Sep-21,214,First Fund Ventures Inc.,0.7879,"23,219.46",,
Chequing,07120-1038785,09/08/21,,e-Transfer - Autodeposit,MUHAMMED SAMIL CILECI,804.89,08-Sep-21,701,Prosper Media Inc,0.7879,634.17,,
Chequing,07120-1038785,09/08/21,,e-Transfer - Autodeposit,TACTILE DESIGN COMPANY LTD.,"1,150.00",08-Sep-21,576,Tactile Design Co,0.7879,906.09,,
Chequing,07120-1038785,09/08/21,,e-Transfer - Autodeposit,MIXRONLINE INC.,"1,851.91",08-Sep-21,415,Mixronline,0.7879,"1,459.12",,
Chequing,07120-1038785,09/08/21,,e-Transfer - Autodeposit,JASON'S MOVING INC,"5,000.00",08-Sep-21,651,Jason's Moving Inc.,0.7879,"3,939.50",,
Chequing,07120-1038785,09/08/21,,e-Transfer - Autodeposit,TYLT TECHNOLOGIES INC.,"10,000.00",08-Sep-21,31,Tylt Technologies  Inc,0.7879,"7,879.00",,
Chequing,07120-1038785,09/08/21,,Funds transfer fee,TT 1983283 ONTA,-17,08-Sep-21,521,Secure Digital Markets,0.7879,-13.39,,
Chequing,07120-1038785,09/08/21,,Funds transfer credit,TT 1983283 ONTA,"6,501.02",08-Sep-21,521,Secure Digital Markets,0.7879,"5,122.15",,
Chequing,07120-1038785,09/09/21,,e-Transfer - Autodeposit,MERIDIANTECH CONSULTING INC.,198.87,09-Sep-21,478,MeridianTech Consulting Inc,0.7896,157.03,,
Chequing,07120-1038785,09/09/21,,e-Transfer - Autodeposit,JASON'S MOVING INC,555,09-Sep-21,651,Jason's Moving Inc.,0.7896,438.23,,
Chequing,07120-1038785,09/09/21,,e-Transfer - Autodeposit,"Manifest Labs, Inc.","9,446.96",09-Sep-21,333,KnowHow,0.7896,"7,459.32",,
Chequing,07120-1038785,09/09/21,,e-Transfer - Autodeposit,TYLT TECHNOLOGIES INC.,"10,000.00",09-Sep-21,31,Tylt Technologies  Inc,0.7896,"7,896.00",,
Chequing,07120-1038785,09/09/21,,Funds transfer credit,FEY LABS INC.,"15,036.77",09-Sep-21,786,Fey,0.7896,"11,873.03",,
Chequing,07120-1038785,09/10/21,,e-Transfer - Autodeposit,TYLT TECHNOLOGIES INC.,370.79,10-Sep-21,31,Tylt Technologies  Inc,0.7878,292.11,,
Chequing,07120-1038785,09/10/21,,e-Transfer - Autodeposit,"LEADENGIN, INC.","1,057.79",10-Sep-21,552,LeadEngin,0.7878,833.33,,
Chequing,07120-1038785,09/10/21,,e-Transfer - Autodeposit,LAYER DEVOPS INC.,"5,384.17",10-Sep-21,36,LayerCI,0.7878,"4,241.65",,
Chequing,07120-1038785,9/13/2021,,e-Transfer - Autodeposit,RH LAW PROFESSIONAL CORPORATION,"2,211.90",#VALUE!,563,RH Law Professional Corporation ,#DIV/0!,#DIV/0!,,
Chequing,07120-1038785,9/13/2021,,e-Transfer - Autodeposit,GIVNGO CAPITAL MANAGEMENT INC.,"3,000.00",#VALUE!,484,Givngo Capital Management Inc.,#DIV/0!,#DIV/0!,,
Chequing,07120-1038785,9/13/2021,,e-Transfer - Autodeposit,MARIO FURGIUELE,"10,000.00",#VALUE!,134,Aya Payments Inc.,#DIV/0!,#DIV/0!,,
Chequing,07120-1038785,9/13/2021,,Misc Payment,GOMAE,"6,649.99",#VALUE!,41,Flint,#DIV/0!,#DIV/0!,,
Chequing,07120-1038785,9/13/2021,,Account Payable Pmt,DROPP CAD,"89,764.70",#VALUE!,0,,#DIV/0!,#DIV/0!,,
Chequing,07120-1038785,9/13/2021,,Funds transfer credit,TT 12174634 CAN,"10,000.00",#VALUE!,463,Fluent,#DIV/0!,#DIV/0!,,
Chequing,07120-1038785,9/14/2021,,e-Transfer - Autodeposit,DELPHI TECHNOLOGY CORP.,120.22,#VALUE!,675,Delphi Technology Corp,#DIV/0!,#DIV/0!,,
Chequing,07120-1038785,9/14/2021,,e-Transfer - Autodeposit,MARIO FURGIUELE,"10,000.00",#VALUE!,134,Aya Payments Inc.,#DIV/0!,#DIV/0!,,
Chequing,07120-1038785,9/14/2021,,e-Transfer - Autodeposit,11167898 CANADA INC.,"22,749.80",#VALUE!,503,11167898 Canada Inc,#DIV/0!,#DIV/0!,,
Chequing,07120-1038785,9/14/2021,,Misc Payment,SP NORTH AMERIC,"3,001.62",#VALUE!,583,SP North America Corporation,#DIV/0!,#DIV/0!,,
Chequing,07120-1038785,9/14/2021,,Funds transfer credit,TT 12174634 CAN,"4,124.59",#VALUE!,463,Fluent,#DIV/0!,#DIV/0!,,
Chequing,07120-1038785,9/16/2021,,e-Transfer - Autodeposit,11779834 CANADA LTD.,296,#VALUE!,586,11779834 Canada Ltd.,#DIV/0!,#DIV/0!,,
Chequing,07120-1038785,9/16/2021,,e-Transfer - Autodeposit,POCKET FINANCE INC.,528.4,#VALUE!,189,Pocket Finance,#DIV/0!,#DIV/0!,,
Chequing,07120-1038785,9/16/2021,,e-Transfer - Autodeposit,MARIO FURGIUELE,"7,589.43",#VALUE!,134,Aya Payments Inc.,#DIV/0!,#DIV/0!,,
Chequing,07120-1038785,9/16/2021,,Misc Payment,Ripple Manager,"4,249.59",#VALUE!,606,Ripple Manager Inc.,#DIV/0!,#DIV/0!,,
Chequing,07120-1038785,9/17/2021,,e-Transfer - Autodeposit,WILLIAM KOUCH,180,#VALUE!,432,WILL K LTD,#DIV/0!,#DIV/0!,,
Chequing,07120-1038785,9/17/2021,,e-Transfer - Autodeposit,AMAR J CHAWLA,"2,385.96",#VALUE!,112,Gather Coliving,#DIV/0!,#DIV/0!,,
Chequing,07120-1038785,9/17/2021,,e-Transfer - Autodeposit,HYIVY HEALTH INC.,"3,495.39",#VALUE!,573,Hyivy Health Inc.,#DIV/0!,#DIV/0!,,
Chequing,07120-1038785,9/17/2021,,e-Transfer - Autodeposit,MR MANMEET MAGGU,"9,000.00",#VALUE!,43,Trexo Robotics,#DIV/0!,#DIV/0!,,
Chequing,07120-1038785,9/20/2021,,e-Transfer - Autodeposit,ADRIAN MARQUEZ,500,#VALUE!,577,Agaru,#DIV/0!,#DIV/0!,,
Chequing,07120-1038785,9/20/2021,,e-Transfer - Autodeposit,RALLY TECHNOLOGIES INC.,"2,249.36",#VALUE!,200,Rally Technologies Inc,#DIV/0!,#DIV/0!,,
Chequing,07120-1038785,9/20/2021,,e-Transfer - Autodeposit,MR MANMEET MAGGU,"9,000.00",#VALUE!,43,Trexo Robotics,#DIV/0!,#DIV/0!,,
Chequing,07120-1038785,9/21/2021,,e-Transfer - Autodeposit,MR MANMEET MAGGU,"9,000.00",#VALUE!,43,Trexo Robotics,#DIV/0!,#DIV/0!,,
Chequing,07120-1038785,9/22/2021,,e-Transfer - Autodeposit,WILLIAM KOUCH,500,#VALUE!,432,WILL K LTD,#DIV/0!,#DIV/0!,,
Chequing,07120-1038785,9/23/2021,,e-Transfer - Autodeposit,WILLIAM KOUCH,900,#VALUE!,432,WILL K LTD,#DIV/0!,#DIV/0!,,
Chequing,07120-1038785,9/23/2021,,e-Transfer - Autodeposit,MR MANMEET MAGGU,"9,000.00",#VALUE!,43,Trexo Robotics,#DIV/0!,#DIV/0!,,
Chequing,07120-1038785,9/23/2021,,Account Payable Pmt,FLASHBOX INC.,76.74,#VALUE!,537,FlashBox Inc,#DIV/0!,#DIV/0!,,
Chequing,07120-1038785,9/23/2021,,Account Payable Pmt,MADE IN 3D CANA,554.7,#VALUE!,882,made in 3d canada inc,#DIV/0!,#DIV/0!,,
Chequing,07120-1038785,9/28/2021,,e-Transfer - Autodeposit,DENA TECHNOLOGIES INC.,"3,000.00",#VALUE!,713,Dena Technologies Inc.,#DIV/0!,#DIV/0!,,
Chequing,07120-1038785,9/29/2021,,e-Transfer - Autodeposit,GIVNGO CAPITAL MANAGEMENT INC.,"3,000.00",#VALUE!,484,Givngo Capital Management Inc.,#DIV/0!,#DIV/0!,,
Chequing,07120-1038785,9/29/2021,,e-Transfer - Autodeposit,DENA TECHNOLOGIES INC.,"3,000.00",#VALUE!,713,Dena Technologies Inc.,#DIV/0!,#DIV/0!,,
Chequing,07120-1038785,9/29/2021,,Expense Payment,Aurora,"6,056.20",#VALUE!,678,Aurora Aerial Inc,#DIV/0!,#DIV/0!,,
Chequing,07120-1038786,9/30/2021,,e-Transfer - Autodeposit,GIVINGO CAPITAL MANAGEMENT INC.,"3,000.00",#VALUE!,484,Givngo Capital Management Inc.,#DIV/0!,#DIV/0!,,
Chequing,07120-1038787,9/30/2021,,e-Transfer - Autodeposit,RH LAW PROFESSIONAL CORPORATION,"3,000.00",#VALUE!,563,RH Law Professional Corporation ,#DIV/0!,#DIV/0!,,
Chequing,07120-1038785,10/01/21,,Web payment,REVIVE ORGANICS,"137,500.00",01-Oct-21,685,Revive Superfoods,0.79145,"108,824.69",,
Chequing,07120-1038785,10/01/21,,e-Transfer - Autodeposit,ELEMENTARY VENTURES LTD.,"1,533.87",01-Oct-21,153,Elementary Ventures,0.79145,"1,213.98",,
Chequing,07120-1038785,10/01/21,,e-Transfer - Autodeposit,GIVNGO CAPITAL MANAGEMENT INC.,"3,000.00",01-Oct-21,484,Givngo Capital Management Inc.,0.79145,"2,374.36",,
Chequing,07120-1038785,10/01/21,,e-Transfer - Autodeposit,RH LAW PROFESSIONAL CORPORATION,"3,000.00",01-Oct-21,563,RH Law Professional Corporation ,0.79145,"2,374.36",,
Chequing,07120-1038785,10/01/21,,Monthly fee,,-5,01-Oct-21,#N/A,,0.79145,-3.96,,
Chequing,07120-1038785,10/04/21,,Online transfer received - 6391,FEY LABS INC.,10,04-Oct-21,786,Fey,0.7942,7.94,,
Chequing,07120-1038785,10/04/21,,Misc Payment,JEEVES INC.,"1,158,562.50",04-Oct-21,6,Jeeves Inc.,0.7942,"920,130.34",,
Chequing,07120-1038785,10/05/21,,Web payment,MOTIONPIX GAMES,31.43,05-Oct-21,705,MotionPix Games Studio Inc.,0.7946,24.97,,
Chequing,07120-1038785,10/05/21,,e-Transfer - Autodeposit,POCKET FINANCE INC.,300.4,05-Oct-21,189,Pocket Finance,0.7946,238.7,,
Chequing,07120-1038785,10/05/21,,e-Transfer - Autodeposit,BREE TECHNOLOGIES LTD.,584.89,05-Oct-21,495,Bree Technologies Ltd.,0.7946,464.75,,
Chequing,07120-1038785,10/05/21,,e-Transfer - Autodeposit,AMAR J CHAWLA,738.91,05-Oct-21,112,Gather Coliving,0.7946,587.14,,
Chequing,07120-1038785,10/05/21,,e-Transfer - Autodeposit,MICHAEL WILLEMS PHOTO INC,787.88,05-Oct-21,497,Michael Willems Photo Inc. ,0.7946,626.05,,
Chequing,07120-1038785,10/05/21,,e-Transfer - Autodeposit,RALLY TECHNOLOGIES INC.,"1,478.02",05-Oct-21,200,Rally Technologies Inc,0.7946,"1,174.43",,
Chequing,07120-1038785,10/05/21,,e-Transfer - Autodeposit,TACTILE DESIGN COMPANY LTD.,"1,779.05",05-Oct-21,576,Tactile Design Co,0.7946,"1,413.63",,
Chequing,07120-1038785,10/05/21,,e-Transfer - Autodeposit,1222460 B.C. LTD.,"2,047.05",05-Oct-21,522,Kinside Canada,0.7946,"1,626.59",,
Chequing,07120-1038785,10/05/21,,e-Transfer - Autodeposit,MAKEUP FRIDGE INC.,"2,621.26",05-Oct-21,556,Makeup Fridge Inc.,0.7946,"2,082.85",,
Chequing,07120-1038785,10/05/21,,e-Transfer - Autodeposit,Over Time Beer Works Ltd.,"2,958.35",05-Oct-21,822,Over Time Beer Works,0.7946,"2,350.70",,
Chequing,07120-1038785,10/05/21,,e-Transfer - Autodeposit,EKPLATEBIRYANI,"5,371.00",05-Oct-21,557,EkPlateBiryani,0.7946,"4,267.80",,
Chequing,07120-1038785,10/05/21,,e-Transfer sent,Cheryl Woodhouse,"-5,000.00",05-Oct-21,#N/A,,0.7946,"-3,973.00",,
Chequing,07120-1038785,10/05/21,,Misc Payment,TRIONAIRE INC,"5,675.90",05-Oct-21,884,Trionaire inc,0.7946,"4,510.07",,
Chequing,07120-1038785,10/05/21,,Funds transfer credit,TT TAMVOES HEAL,"3,656.92",05-Oct-21,1066,Tamvoes Health Inc.,0.7946,"2,905.79",,
Chequing,07120-1038785,10/06/21,,e-Transfer - Autodeposit,STARR HOLDINGS CORP.,2.79,06-Oct-21,578,STARR ECOMMERCE,0.7942,2.22,,
Chequing,07120-1038785,10/06/21,,e-Transfer - Autodeposit,Project Beneficent,143.68,06-Oct-21,1029,Beneficent,0.7942,114.11,,
Chequing,07120-1038785,10/06/21,,e-Transfer - Autodeposit,FINAL BLUEPRINT INC.,177.35,06-Oct-21,227,Willful,0.7942,140.85,,
Chequing,07120-1038785,10/06/21,,e-Transfer - Autodeposit,WAVO.ME INC.,439.04,06-Oct-21,914,Wavo.me Inc.,0.7942,348.69,,
Chequing,07120-1038785,10/06/21,,e-Transfer - Autodeposit,EVOLVE HEALTH AND FITNESS STUDIOS INC.,513.81,06-Oct-21,209,Evolve Health and Fitness Studios Inc.,0.7942,408.07,,
Chequing,07120-1038785,10/06/21,,e-Transfer - Autodeposit,Parlay Holdings Ltd,"1,022.31",06-Oct-21,260,Parlay Holdings,0.7942,811.92,,
Chequing,07120-1038785,10/06/21,,e-Transfer - Autodeposit,MIXRONLINE INC.,"1,388.03",06-Oct-21,415,Mixronline,0.7942,"1,102.37",,
Chequing,07120-1038785,10/06/21,,e-Transfer - Autodeposit,TICKET ACTION INC.,"1,918.70",06-Oct-21,1217,Ticket Action Inc,0.7942,"1,523.83",,
Chequing,07120-1038785,10/06/21,,e-Transfer - Autodeposit,PROPEL HQ INC.,"6,602.21",06-Oct-21,753,Propel,0.7942,"5,243.48",,
Chequing,07120-1038785,10/06/21,,e-Transfer - Autodeposit,PURPLOC CONSULTING INC.,"6,679.76",06-Oct-21,1024,Purplo Consulting Inc.,0.7942,"5,305.07",,
Chequing,07120-1038785,10/06/21,,e-Transfer - Autodeposit,GIVNGO CAPITAL MANAGEMENT INC.,"7,000.00",06-Oct-21,484,Givngo Capital Management Inc.,0.7942,"5,559.40",,
Chequing,07120-1038785,10/06/21,,e-Transfer - Autodeposit,"Manifest Labs, Inc.","10,000.00",06-Oct-21,333,KnowHow,0.7942,"7,942.00",,
Chequing,07120-1038785,10/06/21,,e-Transfer - Autodeposit,MARIO FURGIUELE,"10,000.00",06-Oct-21,134,Aya Payments Inc.,0.7942,"7,942.00",,
Chequing,07120-1038785,10/06/21,,Business PAD,Follow the Lead,"13,532.88",06-Oct-21,591,Follow The Leader Distribution Company ,0.7942,"10,747.81",,
Chequing,07120-1038785,10/06/21,,Business PAD,Agility Forex,"20,675.00",06-Oct-21,980,Ridewrap Protection Inc.,0.7942,"16,420.09",,
Chequing,07120-1038785,10/06/21,,BR TO BR - 7702,,"13,281.93",06-Oct-21,#N/A,,0.7942,"10,548.51",,
Chequing,07120-1038785,10/06/21,,Funds transfer credit,TT DARKROAST DE,"8,007.50",06-Oct-21,990,Darkroast Design,0.7942,"6,359.56",,
Chequing,07120-1038785,10/07/21,,e-Transfer - Autodeposit,MERIDIANTECH CONSULTING INC.,153.59,07-Oct-21,478,MeridianTech Consulting Inc,0.7968,122.38,,
Chequing,07120-1038785,10/07/21,,e-Transfer - Autodeposit,STERNA ROBOTICS INC.,523.44,07-Oct-21,824,STERNA ROBOTICS INC,0.7968,417.08,,
Chequing,07120-1038785,10/07/21,,e-Transfer - Autodeposit,WILLIAM KOUCH,"1,200.00",07-Oct-21,432,WILL K LTD,0.7968,956.16,,
Chequing,07120-1038785,10/07/21,,e-Transfer - Autodeposit,MARIO FURGIUELE,"10,000.00",07-Oct-21,134,Aya Payments Inc.,0.7968,"7,968.00",,
Chequing,07120-1038785,10/07/21,,Funds transfer fee,TT 1983283 ONTA,-17,07-Oct-21,521,Secure Digital Markets,0.7968,-13.55,,
Chequing,07120-1038785,10/07/21,,Activity fee,,-56,07-Oct-21,#N/A,,0.7968,-44.62,,
Chequing,07120-1038785,10/07/21,,COMM ACCOUNTS PAY,RoyalCastle,108.47,07-Oct-21,1123,RoyalCastle,0.7968,86.43,,
Chequing,07120-1038785,10/07/21,,Misc Payment,"Voiceflow, Inc.","7,648.24",07-Oct-21,627,Voiceflow,0.7968,"6,094.12",,
Chequing,07120-1038785,10/07/21,,Funds transfer credit,TT 1983283 ONTA,"33,790.60",07-Oct-21,521,Secure Digital Markets,0.7968,"26,924.35",,
Chequing,07120-1038785,10/08/21,,e-Transfer - Autodeposit,BIG WHALE LABS INC.,370.13,08-Oct-21,1128,Big Whale Labs Inc,0.802,296.84,,
Chequing,07120-1038785,10/08/21,,e-Transfer - Autodeposit,SOFTDRIVE TECHNOLOGIES INC.,"1,984.53",08-Oct-21,765,Softdrive,0.802,"1,591.59",,
Chequing,07120-1038785,10/08/21,,e-Transfer - Autodeposit,WALNUT INSURANCE INC.,"5,000.00",08-Oct-21,184,Walnut Insurance,0.802,"4,010.00",,
Chequing,07120-1038785,10/08/21,,e-Transfer - Autodeposit,JASON'S MOVING INC,"5,000.00",08-Oct-21,651,Jason's Moving Inc.,0.802,"4,010.00",,
Chequing,07120-1038785,10/08/21,,e-Transfer - Autodeposit,GIVNGO CAPITAL MANAGEMENT INC.,"10,000.00",08-Oct-21,484,Givngo Capital Management Inc.,0.802,"8,020.00",,
Chequing,07120-1038785,10/08/21,,e-Transfer sent,Cheryl Woodhouse,-250,08-Oct-21,#N/A,,0.802,-200.5,,
Chequing,07120-1038785,10/08/21,,Misc Payment,SAVVYY Technolo,214.98,08-Oct-21,1015,Savvyy Studio Inc.,0.802,172.41,,
Chequing,07120-1038785,10/12/21,,Online transfer received - 8330,,"1,232.70",12-Oct-21,#N/A,,0.8026,989.37,,
Chequing,07120-1038785,10/12/21,,Online transfer received - 9412,WALNUT INSURANCE INC.,"4,000.00",12-Oct-21,184,Walnut Insurance,0.8026,"3,210.40",,
Chequing,07120-1038785,10/12/21,,e-Transfer - Autodeposit,10311669 CANADA CORP.,"10,000.00",12-Oct-21,673,Uride,0.8026,"8,026.00",,
Chequing,07120-1038785,10/12/21,,e-Transfer - Autodeposit,10311669 CANADA CORP.,"10,000.00",12-Oct-21,673,Uride,0.8026,"8,026.00",,
Chequing,07120-1038785,10/12/21,,e-Transfer - Autodeposit,TYLT TECHNOLOGIES INC.,"10,000.00",12-Oct-21,31,Tylt Technologies  Inc,0.8026,"8,026.00",,
Chequing,07120-1038785,10/12/21,,Misc Payment,"Voiceflow, Inc.","26,853.88",12-Oct-21,627,Voiceflow,0.8026,"21,552.92",,
Chequing,07120-1038785,10/12/21,,EDI payment,VOLATUS AEROSPA,"22,982.77",12-Oct-21,1069,Volatus Aerospace Corp,0.8026,"18,445.97",,
Chequing,07120-1038785,10/13/2021,,e-Transfer - Autodeposit,JASON'S MOVING INC,"1,200.00",13-Oct-21,651,Jason's Moving Inc.,0.8021,962.52,,
Chequing,07120-1038785,10/13/2021,,e-Transfer - Autodeposit,"Manifest Labs, Inc.","10,000.00",13-Oct-21,333,KnowHow,0.8021,"8,021.00",,
Chequing,07120-1038785,10/13/2021,,Expense Payment,Aurora,"1,999.72",13-Oct-21,678,Aurora Aerial Inc,0.8021,"1,603.98",,
Chequing,07120-1038785,10/13/2021,,Misc Payment,Ripple Manager,"15,056.92",13-Oct-21,606,Ripple Manager Inc.,0.8021,"12,077.16",,
Chequing,07120-1038785,10/13/2021,,Bill Payment,Convictional,"33,234.97",13-Oct-21,128,Convictional,0.8021,"26,657.77",,
Chequing,07120-1038785,10/14/2021,,e-Transfer - Autodeposit,JASON'S MOVING INC,"1,000.00",14-Oct-21,651,Jason's Moving Inc.,0.8085,808.5,,
Chequing,07120-1038785,10/14/2021,,e-Transfer - Autodeposit,10311669 CANADA CORP.,"10,000.00",14-Oct-21,673,Uride,0.8085,"8,085.00",,
Chequing,07120-1038785,10/14/2021,,Account Payable Pmt,"LEADENGIN, INC.","2,085.07",14-Oct-21,552,LeadEngin,0.8085,"1,685.78",,
Chequing,07120-1038785,10/14/2021,,Account Payable Pmt,MADE IN 3D CANA,"18,718.51",14-Oct-21,882,made in 3d canada inc,0.8085,"15,133.92",,
Chequing,07120-1038785,10/14/2021,,Funds transfer credit,TT 2602010 ONTA,"120,807.25",14-Oct-21,946,2602010 Ontario Inc,0.8085,"97,672.66",,
Chequing,07120-1038785,10/15/2021,,e-Transfer - Autodeposit,ADRIAN MARQUEZ,200,15-Oct-21,577,Agaru,0.8087,161.74,,
Chequing,07120-1038785,10/15/2021,,e-Transfer - Autodeposit,TYLT TECHNOLOGIES INC.,"10,000.00",15-Oct-21,31,Tylt Technologies  Inc,0.8087,"8,087.00",,
Chequing,07120-1038785,10/15/2021,,Misc Payment,GOMAE,"15,605.44",15-Oct-21,41,Flint,0.8087,"12,620.12",,
Chequing,07120-1038785,10/18/2021,,e-Transfer - Autodeposit,REVOLVE SURGICAL INC.,322.47,18-Oct-21,751,Revolve Surgical,0.8078,260.49,,
Chequing,07120-1038785,10/18/2021,,e-Transfer - Autodeposit,corey,500,18-Oct-21,1064,2eighteen Holding Corp,0.8078,403.9,,
Chequing,07120-1038785,10/18/2021,,e-Transfer - Autodeposit,JASON'S MOVING INC,"1,000.00",18-Oct-21,651,Jason's Moving Inc.,0.8078,807.8,,
Chequing,07120-1038785,10/18/2021,,e-Transfer - Autodeposit,TICKET ACTION INC.,"5,000.00",18-Oct-21,1217,Ticket Action Inc,0.8078,"4,039.00",,
Chequing,07120-1038785,10/18/2021,,e-Transfer - Autodeposit,10311669 CANADA CORP.,"10,000.00",18-Oct-21,673,Uride,0.8078,"8,078.00",,
Chequing,07120-1038785,10/19/2021,,Web payment,FRIST FUND VENT,"35,029.19",19-Oct-21,214,First Fund Ventures Inc.,0.8087,"28,328.11",,
Chequing,07120-1038785,10/19/2021,,e-Transfer - Autodeposit,MUHAMMED SAMIL CILECI,"1,500.00",19-Oct-21,701,Prosper Media Inc,0.8087,"1,213.05",,
Chequing,07120-1038785,10/20/2021,,e-Transfer - Autodeposit,NEXUS DEVELOPMENT CORPORATION,200,20-Oct-21,1552,Nexus Development Group,0.8117,162.34,,
Chequing,07120-1038785,10/20/2021,,e-Transfer - Autodeposit,TICKET ACTION INC.,"8,000.00",20-Oct-21,1217,Ticket Action Inc,0.8117,"6,493.60",,
Chequing,07120-1038785,10/20/2021,,e-Transfer - Autodeposit,11167898 CANADA INC.,"14,436.12",20-Oct-21,503,11167898 Canada Inc,0.8117,"11,717.80",,
Chequing,07120-1038785,10/20/2021,,Loan,ACOUTERA INC,"56,220.13",20-Oct-21,216,Acoutera Inc.,0.8117,"45,633.88",,
Chequing,07120-1038785,10/21/2021,,Misc Payment,SP NORTH AMERIC,"1,223.27",21-Oct-21,583,SP North America Corporation,0.8085,989.01,,
Chequing,07120-1038785,10/22/2021,,Web payment,WIRE7129503411,-10,22-Oct-21,#N/A,,0.8083,-8.08,,
Chequing,07120-1038785,10/26/2021,,e-Transfer - Autodeposit,5005416 ONTARIO INC,700,26-Oct-21,1413,Blake's Detailing & Upholstery services,0.807,564.9,,
Chequing,07120-1038785,10/27/2021,,e-Transfer - Autodeposit,12504987 CANADA CORPORATION,18.82,27-Oct-21,193,Techintern.io,0.8091,15.23,,
Chequing,07120-1038785,10/27/2021,,e-Transfer - Autodeposit,PHOENIX DIGITAL HEALTH INC.,"3,000.00",27-Oct-21,278,Phoenix Health Inc,0.8091,"2,427.30",,
Chequing,07120-1038785,10/27/2021,,e-Transfer - Autodeposit,ELEMENTARY VENTURES LTD.,"3,358.00",27-Oct-21,153,Elementary Ventures,0.8091,"2,716.96",,
Chequing,07120-1038785,10/27/2021,,e-Transfer - Autodeposit,10311669 CANADA CORP.,"10,000.00",27-Oct-21,673,Uride,0.8091,"8,091.00",,
Chequing,07120-1038785,10/27/2021,,Bill Payment,Convictional,446.63,27-Oct-21,128,Convictional,0.8091,361.37,,
Chequing,07120-1038785,10/28/2021,,e-Transfer - Autodeposit,PHOENIX DIGITAL HEALTH INC.,"3,000.00",28-Oct-21,278,Phoenix Health Inc,0.8099,"2,429.70",,
Chequing,07120-1038785,10/28/2021,,e-Transfer - Autodeposit,JASON'S MOVING INC,"4,000.00",28-Oct-21,651,Jason's Moving Inc.,0.8099,"3,239.60",,
Chequing,07120-1038785,10/29/2021,,e-Transfer - Autodeposit,"Manifest Labs, Inc.","2,805.45",29-Oct-21,333,KnowHow,0.8071,"2,264.28",,
Chequing,07120-1038785,11/01/21,,Web payment,REVIVE ORGANICS,"276,354.17",01-Nov-21,685,Revive Superfoods,0.8085,"223,432.35",,
Chequing,07120-1038785,11/01/21,,Online transfer received - 3983,FEY LABS INC.,"10,000.00",01-Nov-21,786,Fey,0.8085,"8,085.00",,
Chequing,07120-1038785,11/01/21,,e-Transfer - Autodeposit,Parlay Holdings Ltd,208.8,01-Nov-21,260,Parlay Holdings,0.8085,168.81,,
Chequing,07120-1038785,11/01/21,,e-Transfer - Autodeposit,10767310 CANADA INC.,300,01-Nov-21,#N/A,,0.8085,242.55,,
Chequing,07120-1038785,11/01/21,,e-Transfer - Autodeposit,1222460 B.C. LTD.,313.95,01-Nov-21,522,Kinside Canada,0.8085,253.83,,
Chequing,07120-1038785,11/01/21,,e-Transfer - Autodeposit,DATAKITE INC.,445.12,01-Nov-21,1293,Dropbase,0.8085,359.88,,
Chequing,07120-1038785,11/01/21,,e-Transfer - Autodeposit,Africhange Technologies LTD,467.51,01-Nov-21,1773,Africhange ,0.8085,377.98,,
Chequing,07120-1038785,11/01/21,,e-Transfer - Autodeposit,MICHAEL WILLEMS PHOTO INC,920.51,01-Nov-21,497,Michael Willems Photo Inc. ,0.8085,744.23,,
Chequing,07120-1038785,11/01/21,,e-Transfer - Autodeposit,ROOKS BOOKKEEPING INC.,"2,025.75",01-Nov-21,1035,Rooks Bookkeeping,0.8085,"1,637.82",,
Chequing,07120-1038785,11/01/21,,e-Transfer - Autodeposit,PHOENIX DIGITAL HEALTH INC.,"2,988.86",01-Nov-21,278,Phoenix Health Inc,0.8085,"2,416.49",,
Chequing,07120-1038785,11/01/21,,e-Transfer - Autodeposit,11779834 CANADA LTD.,"4,240.34",01-Nov-21,586,11779834 Canada Ltd.,0.8085,"3,428.31",,
Chequing,07120-1038785,11/01/21,,e-Transfer - Autodeposit,JASON'S MOVING INC,"5,000.00",01-Nov-21,651,Jason's Moving Inc.,0.8085,"4,042.50",,
Chequing,07120-1038785,11/01/21,,e-Transfer - Autodeposit,EKPLATEBIRYANI,"5,740.00",01-Nov-21,557,EkPlateBiryani,0.8085,"4,640.79",,
Chequing,07120-1038785,11/01/21,,e-Transfer - Autodeposit,SAMIN YASAR,"6,000.00",01-Nov-21,1129,PCS Cosmetics,0.8085,"4,851.00",,
Chequing,07120-1038785,11/01/21,,Web payment,WIRE7130501827,"-850,000.00",01-Nov-21,#N/A,,0.8085,"-687,225.00",,
Chequing,07120-1038785,11/01/21,,Funds transfer fee,TT 1983283 ONTA,-17,01-Nov-21,521,Secure Digital Markets,0.8085,-13.74,,
Chequing,07120-1038785,11/01/21,,Funds transfer credit,TT 1983283 ONTA,"30,000.00",01-Nov-21,521,Secure Digital Markets,0.8085,"24,255.00",,
Chequing,07120-1038785,11/01/21,,Monthly fee,,-5,01-Nov-21,#N/A,,0.8085,-4.04,,
Chequing,07120-1038785,11/01/21,,Regular transaction fee,1  Cr  @  2.50,-2.5,01-Nov-21,#N/A,,0.8085,-2.02,,
Chequing,07120-1038785,11/02/21,,Web payment,MOTIONPIX GAMES,4.73,02-Nov-21,705,MotionPix Games Studio Inc.,0.8058,3.81,,
1480,07120-1038785,11/02/21,,Online transfer received - 8831,FEY LABS INC.,"10,000.00",02-Nov-21,786,Fey,0.8058,"8,058.00",,
Chequing,07120-1038785,11/02/21,,e-Transfer - Autodeposit,EVOLVE HEALTH AND FITNESS STUDIOS INC.,384.23,02-Nov-21,209,Evolve Health and Fitness Studios Inc.,0.8058,309.61,,
Chequing,07120-1038785,11/02/21,,e-Transfer - Autodeposit,BRIDGING BORDERS,439.75,02-Nov-21,527,Bridging Borders,0.8058,354.35,,
Chequing,07120-1038785,11/02/21,,e-Transfer - Autodeposit,JASON'S MOVING INC,700,02-Nov-21,651,Jason's Moving Inc.,0.8058,564.06,,
Chequing,07120-1038785,11/02/21,,e-Transfer - Autodeposit,POCKET FINANCE INC.,"1,867.47",02-Nov-21,189,Pocket Finance,0.8058,"1,504.81",,
Chequing,07120-1038785,11/02/21,,e-Transfer - Autodeposit,VENA MEDICAL HOLDINGS CORP,"2,656.00",02-Nov-21,40,Vena Medical,0.8058,"2,140.20",,
Chequing,07120-1038785,11/02/21,,e-Transfer - Autodeposit,ISOMER ARTIFICIAL INTELLIGENCE INC.,"2,882.89",02-Nov-21,1356,Isomer,0.8058,"2,323.03",,
Chequing,07120-1038785,11/02/21,,e-Transfer - Autodeposit,DENA TECHNOLOGIES INC.,"3,000.00",02-Nov-21,713,Dena Technologies Inc.,0.8058,"2,417.40",,
Chequing,07120-1038785,11/02/21,,e-Transfer - Autodeposit,PROPEL HQ INC.,"4,458.65",02-Nov-21,753,Propel,0.8058,"3,592.78",,
Chequing,07120-1038785,11/02/21,,Funds transfer fee,TT VANHACK TECH,-17,02-Nov-21,1144,VanHack Technologies Inc,0.8058,-13.7,,
Chequing,07120-1038785,11/02/21,,Funds transfer fee,TT RYSE INC,-17,02-Nov-21,625,AXIS LABS USA INC.,0.8058,-13.7,,
Chequing,07120-1038785,11/02/21,,Business PAD,Walnut Insuranc,"16,965.68",02-Nov-21,184,Walnut Insurance,0.8058,"13,670.94",,
Chequing,07120-1038785,11/02/21,,Funds transfer credit,TT DARKROAST DE,"8,143.87",02-Nov-21,990,Darkroast Design,0.8058,"6,562.33",,
Chequing,07120-1038785,11/02/21,,Funds transfer credit,TT VANHACK TECH,"34,133.19",02-Nov-21,1144,VanHack Technologies Inc,0.8058,"27,504.52",,
Chequing,07120-1038785,11/02/21,,Funds transfer credit,TT RYSE INC,"86,248.29",02-Nov-21,625,AXIS LABS USA INC.,0.8058,"69,498.87",,
Chequing,07120-1038785,11/02/21,,BR TO BR - Credit Memo  2931,3rd party Deposit 2600999 Ontario Inc.,"32,546.93",02-Nov-21,924,2600999 Ontario Inc.,0.8058,"26,226.32",,
Chequing,07120-1038785,11/03/21,,e-Transfer - Autodeposit,SAMIN YASAR,177.33,03-Nov-21,1129,PCS Cosmetics,0.8069,143.09,,
Chequing,07120-1038785,11/03/21,,e-Transfer - Autodeposit,STARR HOLDINGS CORP.,346.09,03-Nov-21,578,STARR ECOMMERCE,0.8069,279.26,,
Chequing,07120-1038785,11/03/21,,e-Transfer - Autodeposit,ADRIAN MARQUEZ,615,03-Nov-21,577,Agaru,0.8069,496.24,,
Chequing,07120-1038785,11/03/21,,e-Transfer - Autodeposit,ATHENA CLOUD LIMITED,838.35,03-Nov-21,600,Athena Cloud Limited,0.8069,676.46,,
Chequing,07120-1038785,11/03/21,,e-Transfer - Autodeposit,AREA 51 SPORTS APPAREL LTD.,"1,644.70",03-Nov-21,1668,Area 51 Sports LTD.,0.8069,"1,327.11",,
Chequing,07120-1038785,11/03/21,,e-Transfer - Autodeposit,MERIDIANTECH CONSULTING INC.,"2,635.99",03-Nov-21,478,MeridianTech Consulting Inc,0.8069,"2,126.98",,
Chequing,07120-1038785,11/03/21,,e-Transfer - Autodeposit,TYLT TECHNOLOGIES INC.,"9,500.00",03-Nov-21,31,Tylt Technologies  Inc,0.8069,"7,665.55",,
Chequing,07120-1038785,11/03/21,,e-Transfer - Autodeposit,"Manifest Labs, Inc.","10,000.00",03-Nov-21,333,KnowHow,0.8069,"8,069.00",,
Chequing,07120-1038785,11/03/21,,Account Payable Pmt,"LEADENGIN, INC.","2,704.93",03-Nov-21,552,LeadEngin,0.8069,"2,182.61",,
Chequing,07120-1038785,11/03/21,,Misc Payment,BIRCH ACCOUNTIN,"2,672.77",03-Nov-21,1368,Birch Accounting & Tax Services Ltd.,0.8069,"2,156.66",,
Chequing,07120-1038785,11/03/21,,Bill Payment,CIOC,"6,350.32",03-Nov-21,1367,Calgary Institute of Counselling,0.8069,"5,124.07",,
Chequing,07120-1038785,11/03/21,,BR TO BR - 7712,,"10,267.75",03-Nov-21,#N/A,,0.8069,"8,285.05",,
Chequing,07120-1038785,11/03/21,,EDI payment,VOLATUS UNMANNE,"3,078.67",03-Nov-21,1143,Volatus Unmanned Services,0.8069,"2,484.18",,
Chequing,07120-1038785,11/03/21,,EDI payment,VOLATUS AEROSPA,"68,880.28",03-Nov-21,1069,Volatus Aerospace Corp,0.8069,"55,579.50",,
Chequing,07120-1038785,11/03/21,,EDI payment,WAVO.ME INC,"177,634.81",03-Nov-21,914,Wavo.me Inc.,0.8069,"143,333.53",,
Chequing,07120-1038785,11/04/21,,Online transfer received - 7234,FEY LABS INC.,"2,481.90",04-Nov-21,786,Fey,0.8028,"1,992.47",,
Chequing,07120-1038785,11/04/21,,e-Transfer - Autodeposit,ALTFEE SOLUTIONS INC.,14.85,04-Nov-21,1686,AltFee ,0.8028,11.92,,
Chequing,07120-1038785,11/04/21,,e-Transfer - Autodeposit,MIXRONLINE INC.,83.55,04-Nov-21,415,Mixronline,0.8028,67.07,,
Chequing,07120-1038785,11/04/21,,e-Transfer - Autodeposit,corey,400,04-Nov-21,1064,2eighteen Holding Corp,0.8028,321.12,,
Chequing,07120-1038785,11/04/21,,e-Transfer - Autodeposit,Mehar Pratap Singh,"1,056.32",04-Nov-21,1266,Procogia,0.8028,848.01,,
Chequing,07120-1038785,11/04/21,,e-Transfer - Autodeposit,MAKEUP FRIDGE INC.,"1,196.53",04-Nov-21,556,Makeup Fridge Inc.,0.8028,960.57,,
Chequing,07120-1038785,11/04/21,,e-Transfer - Autodeposit,Makeup Fridge Inc.,"1,859.59",04-Nov-21,556,Makeup Fridge Inc.,0.8028,"1,492.88",,
Chequing,07120-1038785,11/04/21,,e-Transfer - Autodeposit,DENA TECHNOLOGIES INC.,"2,000.00",04-Nov-21,713,Dena Technologies Inc.,0.8028,"1,605.60",,
Chequing,07120-1038785,11/04/21,,e-Transfer - Autodeposit,5005416 ONTARIO INC,"2,299.23",04-Nov-21,1413,Blake's Detailing & Upholstery services,0.8028,"1,845.82",,
Chequing,07120-1038785,11/04/21,,e-Transfer - Autodeposit,LEGIBLE MEDIA INC.,"2,780.72",04-Nov-21,1619,Legible Inc,0.8028,"2,232.36",,
Chequing,07120-1038785,11/04/21,,Funds transfer fee,TT 1983283 ONTA,-17,04-Nov-21,521,Secure Digital Markets,0.8028,-13.65,,
Chequing,07120-1038785,11/04/21,,Activity fee,,-224,04-Nov-21,#N/A,,0.8028,-179.83,,
Chequing,07120-1038785,11/04/21,,COMM ACCOUNTS PAY,RoyalCastle,123.6,04-Nov-21,1123,RoyalCastle,0.8028,99.23,,
Chequing,07120-1038785,11/04/21,,Misc Payment,SAVVYY Technolo,"5,121.37",04-Nov-21,1015,Savvyy Studio Inc.,0.8028,"4,111.44",,
Chequing,07120-1038785,11/04/21,,Account Payable Pmt,MADE IN 3D CANA,"37,229.13",04-Nov-21,882,made in 3d canada inc,0.8028,"29,887.55",,
Chequing,07120-1038785,11/04/21,,Funds transfer credit,INTELLINE INC.,"11,505.09",04-Nov-21,1733,Intelline Inc.,0.8028,"9,236.29",,
Chequing,07120-1038785,11/04/21,,Funds transfer credit,TT 1983283 ONTA,"33,336.84",04-Nov-21,521,Secure Digital Markets,0.8028,"26,762.82",,
Chequing,07120-1038785,11/05/21,,Funds transfer fee,TT ZUVA INC.,-17,05-Nov-21,1297,Zuva Inc.,0.8027,-13.65,,
Chequing,07120-1038785,11/05/21,,Misc Payment,SP NORTH AMERIC,"10,156.63",05-Nov-21,583,SP North America Corporation,0.8027,"8,152.73",,
Chequing,07120-1038785,11/05/21,,Funds transfer credit,TT ZUVA INC.,"11,007.82",05-Nov-21,1297,Zuva Inc.,0.8027,"8,835.98",,
Chequing,07120-1038785,11/08/21,,e-Transfer - Autodeposit,CA8dm8fV,50,08-Nov-21,#N/A,,0.8035,40.18,,
Chequing,07120-1038785,11/08/21,,e-Transfer - Autodeposit,SOFTDRIVE TECHNOLOGIES INC.,"1,220.52",08-Nov-21,765,Softdrive,0.8035,980.69,,
Chequing,07120-1038785,11/08/21,,e-Transfer - Autodeposit,SIGNAL LAWYERS,"2,702.71",08-Nov-21,563,RH Law Professional Corporation ,0.8035,"2,171.63",,
Chequing,07120-1038785,11/08/21,,Misc Payment,"Planleaf, Inc.",29.83,08-Nov-21,1278,Prospect,0.8035,23.97,,
Chequing,07120-1038785,11/09/21,,e-Transfer - Autodeposit,STERNA ROBOTICS INC.,"1,050.11",09-Nov-21,824,STERNA ROBOTICS INC,0.804,844.29,,
Chequing,07120-1038785,11/09/21,,e-Transfer - Autodeposit,TYLT TECHNOLOGIES INC.,"9,500.00",09-Nov-21,31,Tylt Technologies  Inc,0.804,"7,638.00",,
Chequing,07120-1038785,11/10/21,,Funds transfer credit,TT 2602010 ONTA,"129,296.34",10-Nov-21,946,2602010 Ontario Inc,0.8007,"103,527.58",,
Chequing,07120-1038785,11/10/21,,e-Transfer - Autodeposit,PURPLOC CONSULTING INC.,"6,076.97",10-Nov-21,1024,Purplo Consulting Inc.,0.8007,"4,865.83",,
Chequing,07120-1038785,11/10/21,,Misc Payment,AYA PAYMENTS IN,"12,410.75",10-Nov-21,134,Aya Payments Inc.,0.8007,"9,937.29",,
Chequing,07120-1038785,11/12/21,,e-Transfer - Autodeposit,DINE WILD INC,622.13,12-Nov-21,1108,Dine Wild Inc.,0.797,495.84,,
Chequing,07120-1038785,11/12/21,,e-Transfer - Autodeposit,"Manifest Labs, Inc.","3,106.28",12-Nov-21,333,KnowHow,0.797,"2,475.71",,
Chequing,07120-1038785,11/12/21,,e-Transfer - Autodeposit,TYLT TECHNOLOGIES INC.,"6,108.32",12-Nov-21,31,Tylt Technologies  Inc,0.797,"4,868.33",,
Chequing,07120-1038785,11/15/2021,,e-Transfer - Autodeposit,TICKET ACTION INC.,"10,000.00",15-Nov-21,1217,Ticket Action Inc,0.7991,"7,991.00",,
Chequing,07120-1038785,11/15/2021,,e-Transfer received,DELPHI AERONAUTICS INC.,940.89,15-Nov-21,675,Delphi Technology Corp,0.7991,751.87,,
Chequing,07120-1038785,11/15/2021,,Expense Payment,Aurora,"5,124.30",15-Nov-21,678,Aurora Aerial Inc,0.7991,"4,094.83",,
Chequing,07120-1038785,11/15/2021,,Misc Payment,Ticket Action,"25,000.00",15-Nov-21,1217,Ticket Action Inc,0.7991,"19,977.50",,
Chequing,07120-1038785,11/15/2021,,Funds transfer credit,TT BIG WHALE LA,"4,500.00",15-Nov-21,1128,Big Whale Labs Inc,0.7991,"3,595.95",,
Chequing,07120-1038785,11/15/2021,,Funds transfer credit,TT HYIVY HEALTH,"10,000.00",15-Nov-21,573,Hyivy Health Inc.,0.7991,"7,991.00",,
Chequing,07120-1038785,11/16/2021,,e-Transfer - Autodeposit,WILLIAM KOUCH,30,16-Nov-21,432,WILL K LTD,0.7972,23.92,,
Chequing,07120-1038785,11/16/2021,,e-Transfer - Autodeposit,Over Time Beer Works Ltd.,"1,000.00",16-Nov-21,822,Over Time Beer Works,0.7972,797.2,,
Chequing,07120-1038785,11/16/2021,,Misc Payment,FINAL BLUEPRINT,"41,561.41",16-Nov-21,227,Willful,0.7972,"33,132.76",,
Chequing,07120-1038785,11/17/2021,,e-Transfer - Autodeposit,LAYER DEVOPS INC.,"10,000.00",17-Nov-21,36,LayerCI,0.7936,"7,936.00",,
Chequing,07120-1038785,11/18/2021,,e-Transfer - Autodeposit,ASHARE TECHNOLOGIES INC.,"1,856.43",18-Nov-21,575,Ashare Inc,0.7907,"1,467.88",,
Chequing,07120-1038785,11/18/2021,,EDI payment,WAVO.ME INC,"243,299.47",18-Nov-21,914,Wavo.me Inc.,0.7907,"192,376.89",,
Chequing,07120-1038785,11/19/2021,,e-Transfer - Autodeposit,Revolve Surgical Inc.,"7,391.84",19-Nov-21,751,Revolve Surgical,0.791,"5,846.95",,
Chequing,07120-1038785,11/22/2021,,e-Transfer - Autodeposit,MESHROAD MARKETING INC.,530,22-Nov-21,1587,Meshroad Marketing Inc.,0.7871,417.16,,
Chequing,07120-1038785,11/22/2021,,e-Transfer - Autodeposit,SAMIN YASAR,"1,000.00",22-Nov-21,1129,PCS Cosmetics,0.7871,787.1,,14-Dec-21
Chequing,07120-1038785,11/22/2021,,e-Transfer - Autodeposit,ELEMENTARY VENTURES LTD.,"1,500.00",22-Nov-21,153,Elementary Ventures,0.7871,"1,180.65",,
Chequing,07120-1038785,11/22/2021,,e-Transfer - Autodeposit,SAMIN YASAR,"2,500.00",22-Nov-21,1129,PCS Cosmetics,0.7871,"1,967.75",,
Chequing,07120-1038785,11/22/2021,,e-Transfer - Autodeposit,RALLY TECHNOLOGIES INC.,"3,717.00",22-Nov-21,200,Rally Technologies Inc,0.7871,"2,925.65",,
Chequing,07120-1038785,11/22/2021,,e-Transfer - Autodeposit,11167898 CANADA INC.,"20,899.94",22-Nov-21,503,11167898 Canada Inc,0.7871,"16,450.34",,
Chequing,07120-1038785,11/24/2021,,e-Transfer - Autodeposit,DARKROAST DESIGN INC.,"5,000.00",24-Nov-21,990,Darkroast Design,0.7893,"3,946.50",,
Chequing,07120-1038785,11/24/2021,,Bill Payment,Convictional,"20,990.31",24-Nov-21,128,Convictional,0.7893,"16,567.65",,
Chequing,07120-1038785,11/25/2021,,Web payment,FRIST FUND VENT,"38,591.77",25-Nov-21,214,First Fund Ventures Inc.,0.7905,"30,506.79",,
Chequing,07120-1038785,11/25/2021,,e-Transfer - Autodeposit,OneVest,"1,050.00",25-Nov-21,1801,OneVest Management Inc.,0.7905,830.03,,
Chequing,07120-1038785,11/26/2021,,COMM EXPENSE PMT,Delphi,"3,317.01",26-Nov-21,675,Delphi Technology Corp,0.7905,"2,622.10",,
Chequing,07120-1038785,11/29/2021,,e-Transfer - Autodeposit,11636057 CANADA INC.,"3,000.00",29-Nov-21,1391,11636057 Canada Inc,0.7854,"2,356.20",,
Chequing,07120-1038785,11/29/2021,,Funds transfer credit,TT BOOST COLLEC,"8,154.11",29-Nov-21,1656,Boost Collective,0.7854,"6,404.24",,
Chequing,07120-1038785,11/30/2021,,Web payment,REVIVE ORGANICS,"394,166.66",30-Nov-21,685,Revive Superfoods,0.7826,"308,474.83",,
Chequing,07120-1038785,12/01/21,,Web payment,WIRE7133501773,"-1,200,000.00",01-Dec-21,#N/A,,0.7801,"-936,120.00",,
Chequing,07120-1038785,12/01/21,,Misc Payment,SINISTAR INC,"4,594.42",01-Dec-21,1371,Sinistar inc.,0.7801,"3,584.11",,
Chequing,07120-1038785,12/01/21,,Bill Payment,CIOC,"6,350.32",01-Dec-21,1367,Calgary Institute of Counselling,0.7801,"4,953.88",,
Chequing,07120-1038785,12/02/21,,,ELEMENTARY VENTURES LTD.,"1,276.71",02-Dec-21,153,Elementary Ventures,0.7809,996.98,,
Chequing,07120-1038785,12/02/21,,,DARKROAST DESIGN INC.,"7,475.69",02-Dec-21,990,Darkroast Design,0.7809,"5,837.77",,
Chequing,07120-1038785,12/02/21,,,JASON'S MOVING INC,"5,000.00",02-Dec-21,651,Jason's Moving Inc.,0.7809,"3,904.50",,
Chequing,07120-1038785,12/02/21,,,AREA 51 SPORTS APPAREL LTD.,"4,712.17",02-Dec-21,1668,Area 51 Sports LTD.,0.7809,"3,679.73",,
Chequing,07120-1038785,12/02/21,,,JOYRIDE TECHNOLOGIES INC.,"6,803.64",02-Dec-21,338,Joyride,0.7809,"5,312.96",,
Chequing,07120-1038785,12/02/21,,,PROPEL HQ INC.,"5,829.29",02-Dec-21,753,Propel,0.7809,"4,552.09",,
Chequing,07120-1038785,12/02/21,,,10680753 CANADA CORPORATION,469.55,02-Dec-21,490,SimplyBorrowed,0.7809,366.67,,
Chequing,07120-1038785,12/02/21,,,ARCTIC FOX CAPITAL INC.,960.3,02-Dec-21,2185,,0.7809,749.9,,
Chequing,07120-1038785,12/02/21,,,Project Beneficent,61.52,02-Dec-21,1029,Beneficent,0.7809,48.04,,
Chequing,07120-1038785,12/02/21,,,CLAC INC.,55.96,02-Dec-21,833,CLAC INC.,0.7809,43.7,,
Chequing,07120-1038785,12/02/21,,,2734466 ONTARIO INC.,1.4,02-Dec-21,1255,2734466 Ontario Inc.,0.7809,1.09,,
Chequing,07120-1038785,12/02/21,,e-Transfer - Autodeposit,GIVNGO CAPITAL MANAGEMENT INC.,"5,000.00",02-Dec-21,484,Givngo Capital Management Inc.,0.7809,"3,904.50",,
Chequing,07120-1038785,12/03/21,,e-Transfer - Autodeposit,ADRIAN MARQUEZ,10,03-Dec-21,577,Agaru,0.7778,7.78,,
Chequing,07120-1038785,12/03/21,,e-Transfer - Autodeposit,SpadinaBus Solutions Inc,271.46,03-Dec-21,1860,SpadinaBus,0.7778,211.14,,
Chequing,07120-1038785,12/03/21,,e-Transfer - Autodeposit,DINE WILD INC,621.06,03-Dec-21,1108,Dine Wild Inc.,0.7778,483.06,,
Chequing,07120-1038785,12/03/21,,e-Transfer - Autodeposit,Africhange Technologies LTD,"2,247.42",03-Dec-21,1773,Africhange ,0.7778,"1,748.04",,
Chequing,07120-1038785,12/03/21,,e-Transfer - Autodeposit,Africhange Technologies LTD,"2,999.00",03-Dec-21,1773,Africhange ,0.7778,"2,332.62",,
Chequing,07120-1038785,12/03/21,,e-Transfer - Autodeposit,Africhange Technologies LTD,"3,000.00",03-Dec-21,1773,Africhange ,0.7778,"2,333.40",,
Chequing,07120-1038785,12/03/21,,e-Transfer - Autodeposit,JASON'S MOVING INC,"5,000.00",03-Dec-21,651,Jason's Moving Inc.,0.7778,"3,889.00",,
Chequing,07120-1038785,12/03/21,,e-Transfer - Autodeposit,TICKET ACTION INC.,"5,000.00",03-Dec-21,1217,Ticket Action Inc,0.7778,"3,889.00",,
Chequing,07120-1038785,12/03/21,,Web payment,WIRE7133701783,"-500,000.00",03-Dec-21,NA,,0.7778,"-388,900.00",,
Chequing,07120-1038785,12/03/21,,Funds transfer credit,TT BIG WHALE LA,"5,922.22",03-Dec-21,1128,Big Whale Labs Inc,0.7778,"4,606.30",,
Chequing,07120-1038785,12/06/21,,e-Transfer - Autodeposit,OneVest,14.96,06-Dec-21,1801,OneVest Management Inc.,0.78247,11.71,,
Chequing,07120-1038785,12/06/21,,e-Transfer - Autodeposit,SOFTDRIVE TECHNOLOGIES INC.,504,06-Dec-21,765,Softdrive,0.78247,394.37,,
Chequing,07120-1038785,12/06/21,,e-Transfer - Autodeposit,CONKRITE CAPITAL CORPORATION,542.6,06-Dec-21,1124,Conkrite Capital Corporation,0.78247,424.57,,
Chequing,07120-1038785,12/06/21,,e-Transfer - Autodeposit,POCKET FINANCE INC.,"1,455.79",06-Dec-21,189,Pocket Finance,0.78247,"1,139.12",,
Chequing,07120-1038785,12/06/21,,e-Transfer - Autodeposit,MICHAEL WILLEMS PHOTO INC,"1,475.28",06-Dec-21,497,Michael Willems Photo Inc. ,0.78247,"1,154.37",,
Chequing,07120-1038785,12/06/21,,e-Transfer - Autodeposit,RH LAW PROFESSIONAL CORPORATION,"2,000.00",06-Dec-21,563,RH Law Professional Corporation ,0.78247,"1,564.95",,
Chequing,07120-1038785,12/06/21,,e-Transfer - Autodeposit,ROOKS BOOKKEEPING INC.,"2,800.66",06-Dec-21,1035,Rooks Bookkeeping,0.78247,"2,191.44",,
Chequing,07120-1038785,12/06/21,,e-Transfer - Autodeposit,Mehar Pratap Singh,"3,000.00",06-Dec-21,1266,Procogia,0.78247,"2,347.42",,
Chequing,07120-1038785,12/06/21,,e-Transfer - Autodeposit,SOFTDRIVE TECHNOLOGIES INC.,"3,000.00",06-Dec-21,765,Softdrive,0.78247,"2,347.42",,
Chequing,07120-1038785,12/06/21,,e-Transfer - Autodeposit,ELLERCA HEALTH CORP.,"5,422.66",06-Dec-21,1879,Ellerca Health Corp.,0.78247,"4,243.08",,
Chequing,07120-1038785,12/06/21,,Funds transfer fee,TT 1983283 ONTA,-17,06-Dec-21,521,Secure Digital Markets,0.78247,-13.3,,
Chequing,07120-1038785,12/06/21,,Funds transfer fee,TT 10767310 CAN,-17,06-Dec-21,NA,,0.78247,-13.3,,
Chequing,07120-1038785,12/06/21,,Funds transfer fee,TT MANIFEST LAB,-17,06-Dec-21,333,KnowHow,0.78247,-13.3,,
Chequing,07120-1038785,12/06/21,,Activity fee,,-56,06-Dec-21,0,,0.78247,-43.82,,
Chequing,07120-1038785,12/06/21,,COMM BILL PAYMENT,RoyalCastle,111.92,06-Dec-21,1123,RoyalCastle,0.78247,87.57,,
Chequing,07120-1038785,12/06/21,,Bill Payment,CIOC,"14,807.48",06-Dec-21,1367,Calgary Institute of Counselling,0.78247,"11,586.45",,
Chequing,07120-1038785,12/06/21,,Business PAD,Walnut Insuranc,"15,611.01",06-Dec-21,184,Walnut Insurance,0.78247,"12,215.19",,
Chequing,07120-1038785,12/06/21,,Account Payable Pmt,E.C PIVA CONTRA,"18,124.76",06-Dec-21,2019,E.C PIVA CONTRACTING LTD,0.78247,"14,182.13",,
Chequing,07120-1038785,12/06/21,,Misc Payment,FINAL BLUEPRINT,"41,634.02",06-Dec-21,227,Willful,0.78247,"32,577.48",,
Chequing,07120-1038785,12/06/21,,Business PAD,Follow the Lead,"51,279.95",06-Dec-21,591,Follow The Leader Distribution Company ,0.78247,"40,125.16",,
Chequing,07120-1038785,12/06/21,,Funds transfer credit,TT 1983283 ONTA,"2,778.35",06-Dec-21,521,Secure Digital Markets,0.78247,"2,173.98",,
Chequing,07120-1038785,12/06/21,,Funds transfer credit,TT 10767310 CAN,"7,615.06",06-Dec-21,1617,Ujulus,0.78247,"5,958.58",,
Chequing,07120-1038785,12/06/21,,Funds transfer credit,TT MANIFEST LAB,"15,187.32",06-Dec-21,333,KnowHow,0.78247,"11,883.66",,
Chequing,07120-1038785,07/12/21,,e-Transfer - Autodeposit,STARR HOLDINGS CORP.,93.32,07-Dec-21,578,STARR ECOMMERCE,0.7907,73.79,,
Chequing,07120-1038785,07/12/21,,e-Transfer - Autodeposit,ATHENA CLOUD LIMITED,882.74,07-Dec-21,600,Athena Cloud Limited,0.7907,697.98,,
Chequing,07120-1038785,07/12/21,,e-Transfer - Autodeposit,Mehar Pratap Singh,"3,000.00",07-Dec-21,1266,Procogia,0.7907,"2,372.10",,
Chequing,07120-1038785,07/12/21,,e-Transfer - Autodeposit,CLEARVIEWPLUMBING,"3,000.00",07-Dec-21,1642,clearview servicesa,0.7907,"2,372.10",,
Chequing,07120-1038785,07/12/21,,e-Transfer - Autodeposit,RALLY TECHNOLOGIES INC.,"4,500.00",07-Dec-21,200,Rally Technologies Inc,0.7907,"3,558.15",,
Chequing,07120-1038785,07/12/21,,e-Transfer - Autodeposit,Mehar Pratap Singh,"7,000.00",07-Dec-21,1266,Procogia,0.7907,"5,534.90",,
Chequing,07120-1038785,07/12/21,,Misc Payment,SAVVYY Technolo,"1,206.58",07-Dec-21,1015,Savvyy Studio Inc.,0.7907,954.04,,
Chequing,07120-1038785,07/12/21,,Misc Payment,MIXRONLINE INC.,"4,829.71",07-Dec-21,415,Mixronline,0.7907,"3,818.85",,
Chequing,07120-1038785,07/12/21,,Misc Payment,SP NORTH AMERIC,"24,038.57",07-Dec-21,583,SP North America Corporation,0.7907,"19,007.30",,
Chequing,07120-1038785,07/12/21,,Misc Payment,MIXRONLINE INC.,"5,000.00",07-Dec-21,415,Mixronline,0.7907,"3,953.50",,
Chequing,07120-1038786,,,,Incoming WIRE PAYMENT,"2,492.17",08-Dec-21,463,Fluent,0.79101,"1,971.34",,
Chequing,07120-1038787,,,,ALTFEE SOLUTIONS INC.,"1,077.54",08-Dec-21,1686,AltFee ,0.79101,852.35,,
Chequing,07120-1038788,,,,Incoming WIRE PAYMENT,"9,330.58",08-Dec-21,#N/A,,,  ,,
Chequing,07120-1038790,,,,ELEMENTARY VENTURES LTD.,"2,000.00",08-Dec-21,153,Elementary Ventures,0.91634,"1,832.68",,
Chequing,07120-1038791,,,,DEPOSIT,"13,952.30",08-Dec-21,1859,Sociavore,0.77662,"10,835.59",,
Chequing,07120-1038792,,,,Incoming WIRE PAYMENT,"1,149.22",08-Dec-21,1746,NLPatent,0.78973,907.57,,
Chequing,07120-1038793,,,,ALBERTA LIMITED,92.97,08-Dec-21,1588,2179770 ALBERTA LIMITED,0.80854,75.17,,
Chequing,07120-1038794,,,,Incoming WIRE PAYMENT,"10,000.00",08-Dec-21,463,Fluent,0.78041,"7,804.08",,
Chequing,07120-1038795,,,,WEB PAYMENT,15.53,08-Dec-21,705,MotionPix Games Studio Inc.,0.80618,12.52,,
Chequing,07120-1038796,,,,DAVID RHODD,"2,814.00",08-Dec-21,1914,Limitless Solutions Financial Group Inc,0.8017,"2,255.99",,
Chequing,07120-1038785,12/08/21,,e-Transfer - Autodeposit,RALLY TECHNOLOGIES INC.,"2,000.00",08-Dec-21,200,Rally Technologies Inc,0.79101,"1,582.03",C,
Chequing,07120-1038785,12/08/21,,e-Transfer - Autodeposit,MAKEUP FRIDGE INC.,"2,958.35",08-Dec-21,556,Makeup Fridge Inc.,0.796,"2,354.85",S,
Chequing,07120-1038785,12/08/21,,e-Transfer - Autodeposit,Mehar Pratap Singh,"6,240.90",08-Dec-21,1266,Procogia,0.80142,"5,001.59",S,
Chequing,07120-1038785,,,,Bill Payment,357.08,09-Dec-21,562,The New Business,0.7922,282.88,S,
Chequing,07120-1038785,,,,MR DANIEL YEBOAH,54.56,09-Dec-21,1879,Ellerca Health Corp.,0.7867,42.92,C,
Chequing,07120-1038785,,,,KENT METAL FABRICATIONS,"8,000.00",09-Dec-21,2369,Polar Window of Canada Ltd.,0.78703,"6,296.24",,
Chequing,07120-1038785,,,,Incoming WIRE PAYMENT,"69,010.25",09-Dec-21,1297,Zuva Inc.,0.80057,"55,247.84",S,
Chequing,07120-1038785,,,,Credit memo,"32,795.98",09-Dec-21,#N/A,,,  ,S,
Chequing,07120-1038785,,,,PURPLOC CONSULTING INC.,"4,300.64",09-Dec-21,1024,Purplo Consulting Inc.,0.7947,"3,417.70",S,
Chequing,07120-1038785,,,,MAHIKAN MEDICAL SERVICES,"2,500.00",09-Dec-21,1796,mahikan Medical Services,0.7867,"1,966.75",C,
Chequing,07120-1038785,,,,DEPOSIT,"54,502.06",09-Dec-21,882,made in 3d canada inc,0.78699,"42,892.53",S,17-Dec-21
Chequing,07120-1038785,,,,DEPOSIT,"13,081.77",09-Dec-21,1849,22091306 Ontario Inc. O/A Adept Food and Beverage,0.7946,"10,394.76",S,
Chequing,07120-1038788,,,,e-Transfer - Autodeposit 2698074 ONTARIO INC,"6,163.61",10-Dec-21,1722,2698074 Ontario Inc.,0.77662,"4,786.77",S,
Chequing,07120-1038789,,,,e-Transfer - Autodeposit ROYALS TOUCH INC.,76.61,10-Dec-21,1867,Royals Touch Inc.,0.77666,59.5,S,
Chequing,07120-1038785,12/10/21,,e-Transfer - Autodeposit,ADRIAN MARQUEZ,250,10-Dec-21,577,Agaru,0.78593,196.48,C,13-Dec-21
Chequing,07120-1038785,12/10/21,,e-Transfer - Autodeposit,STERNA ROBOTICS INC.,"1,163.27",10-Dec-21,824,STERNA ROBOTICS INC,0.79238,921.75,S,13-Dec-21
Chequing,07120-1038785,12/10/21,,Funds transfer fee,TT MOON SPIRITS,-17,10-Dec-21,1824,Moon Spirits Inc,0.77775,-13.22,,
Chequing,07120-1038785,12/10/21,,Funds transfer credit,TT MOON SPIRITS,"6,453.04",10-Dec-21,1824,Moon Spirits Inc,0.77775,"5,018.86",S,13-Dec-21
Chequing,07120-1038785,12/13/2021,,Funds transfer credit,TT EVERLINE FRA,"12,339.36",13-Dec-21,1404,EverLine Coatings and Services,0.7818,"9,646.91",C,16-Dec-21
Chequing,07120-1038785,12/13/2021,,Funds transfer credit,TT 2602010 ONTA,"159,862.91",13-Dec-21,946,2602010 Ontario Inc,0.79432,"126,982.97",S,14-Dec-21
Chequing,07120-1038785,12/13/2021,,e-Transfer - Autodeposit,MAHIKAN MEDICAL SERVICES INC.,"2,500.00",13-Dec-21,1796,mahikan Medical Services,0.7818,"1,954.50",C,14-Dec-21
Chequing,07120-1038785,12/13/2021,,e-Transfer - Autodeposit,SAMIN YASAR,"6,952.48",13-Dec-21,1129,PCS Cosmetics,0.78051,"5,426.51",S&C,14-Dec-21
Chequing,07120-1038785,12/13/2021,,e-Transfer - Autodeposit,TICKET ACTION INC.,"10,000.00",13-Dec-21,1217,Ticket Action Inc,0.7818,"7,818.00",C,14-Dec-21
Chequing,07120-1038785,12/13/2021,,Funds transfer fee,TT EVERLINE FRA,-17,13-Dec-21,1404,EverLine Coatings and Services,,,,
Chequing,07120-1038785,12/13/2021,,Funds transfer fee,TT C   C CANDLE,-17,13-Dec-21,1592,C & C Candle Company Inc ,,,,
Chequing,07120-1038785,12/13/2021,,Funds transfer credit,TT C   C CANDLE,"35,000.00",13-Dec-21,1592,C & C Candle Company Inc ,0.7818,"27,362.99",C,14-Dec-21
Chequing,07120-1038785,12/14/2021,,Web payment,FRIST FUND VENT,"40,686.87",14-Dec-21,214,First Fund Ventures Inc.,0.78444,"31,916.38",S,15/12/21
Chequing,07120-1038785,12/14/2021,,e-Transfer - Autodeposit,MUHAMMED SAMIL CILECI,"1,381.00",14-Dec-21,701,Prosper Media Inc,0.77985,"1,076.98",S,15/12/21
Chequing,07120-1038785,12/14/2021,,e-Transfer - Autodeposit,DINGUS AND ZAZZY LTD.,"7,575.84",14-Dec-21,2428,Dingus and Zazzy,0.77689,"5,885.60",S,15/12/21
Chequing,07120-1038785,12/14/2021,,Funds transfer fee,TT VANHACK TECH,-17,14-Dec-21,1144,VanHack Technologies Inc,0.78472,-13.34,,
Chequing,07120-1038785,12/14/2021,,Misc Payment,GOMAE,"44,183.21",14-Dec-21,41,Flint,0.79884,"35,295.51",,
Chequing,07120-1038785,12/14/2021,,Funds transfer credit,TT VANHACK TECH,"45,221.27",14-Dec-21,1144,VanHack Technologies Inc,0.78472,"35,486.09",S,15/12/21
Chequing,07120-1038785,12/14/2021,,EDI payment,WAVO.ME INC,"176,062.49",14-Dec-21,914,Wavo.me Inc.,0.81476,"143,448.44",S,15/12/21
Chequing,07120-1038785,15/12/21,,e-Transfer - Autodeposit,AMAR J CHAWLA,1344.86,15-Dec-21,112,Gather Coliving,0.788409202,1060.3,S,16/12/21
Chequing,07120-1038785,15/12/21,,e-Transfer - Autodeposit,Over Time Beer Works Ltd.,1384.32,15-Dec-21,822,Over Time Beer Works,0.794103644,1099.29,S,16/12/21
Chequing,07120-1038785,15/12/21,,e-Transfer - Autodeposit,MAHIKAN MEDICAL SERVICES INC.,2500,15-Dec-21,1796,mahikan Medical Services,0.775614675,1939.04,C,16/12/21
Chequing,07120-1038785,15/12/21,,e-Transfer - Autodeposit,5005416 ONTARIO INC,4830,15-Dec-21,1413,Blake's Detailing & Upholstery services,0.786950992,3800.97,S,16/12/21
Chequing,07120-1038785,15/12/21,,e-Transfer - Autodeposit,Over Time Beer Works Ltd.,5000,15-Dec-21,822,Over Time Beer Works,0.794103644,3970.52,I ,16/12/21
Chequing,07120-1038785,15/12/21,,e-Transfer - Autodeposit,Over Time Beer Works Ltd.,5000,15-Dec-21,822,Over Time Beer Works,0.794103644,3970.52,I ,16/12/21
Chequing,07120-1038785,15/12/21,,Bill Payment,Convictional,1042.43,15-Dec-21,128,Convictional,0.781322655,814.47,I,16/12/21
Chequing,07120-1038785,15/12/21,,Misc Payment,SINISTAR INC,6000.13,15-Dec-21,1371,Sinistar inc.,0.797374122,4784.35,S,16/12/21
Chequing,07120-1038785,15/12/21,,Bill Payment,Convictional,9948.51,15-Dec-21,128,Convictional,0.781322655,7773,I,16/12/21
Chequing,07120-1038785,16/12/21,,e-Transfer - Autodeposit,RH LAW PROFESSIONAL CORPORATION,2488.26,16-Dec-21,563,RH Law Professional Corporation ,0.78235018,1946.69,C,16/12/21
Chequing,07120-1038785,16/12/21,,e-Transfer - Autodeposit,MAHIKAN MEDICAL SERVICES INC.,2500,16-Dec-21,1796,mahikan Medical Services,0.78235018,1955.88,C,17/12/21